{
	"providers": [
		{
			"type":"bitmap",
			"file":"dispenser:logo.png",
				"ascent":13,
				"height":18,
				"chars":[
					"\ue000"
				]
		},
		{
			"type":"bitmap",
			"file":"dispenser:mini.png",
				"ascent":10,
				"height":12,
				"chars":[
					"\ue001"
				]
		},
		{
			"type":"bitmap",
			"file":"dispenser:discord.png",
				"ascent":10,
				"height":14,
				"chars":[
					"\ue002"
				]
		},
		{
			"type":"bitmap",
			"file":"dispenser:support.png",
				"ascent":10,
				"height":14,
				"chars":[
					"\ue003"
				]
		},
		{
			"type":"bitmap",
			"file":"dispenser:induliz.png",
				"ascent":10,
				"height":14,
				"chars":[
					"\ue004"
				]
		}
    ]
}